{"train/loss": 0.4107, "train/grad_norm": 0.7103187441825867, "train/learning_rate": 1.657997399219766e-07, "train/epoch": 30.0, "train/global_step": 31260, "_timestamp": 1728977063.8258529, "_runtime": 7134.0584988594055, "_step": 3158, "eval/loss": 2.420708656311035, "eval/batch_cer": 0.5748238897396631, "eval/runtime": 18.9964, "eval/samples_per_second": 227.938, "eval/steps_per_second": 28.532, "train_runtime": 7114.8983, "train_samples_per_second": 70.272, "train_steps_per_second": 4.394, "total_flos": 1.1590642097526737e+19, "train_loss": 1.1973313254876847, "_wandb": {"runtime": 7133}}