{"train/loss": 1.4576, "train/grad_norm": 2.41291880607605, "train/learning_rate": 0.00026960988296488944, "train/epoch": 3.474088291746641, "train/global_step": 3620, "_timestamp": 1728968313.9407215, "_runtime": 785.9515314102173, "_step": 364, "eval/loss": 0.9292594194412231, "eval/batch_cer": 0.4256801048836447, "eval/runtime": 18.7214, "eval/samples_per_second": 231.286, "eval/steps_per_second": 28.951, "_wandb": {"runtime": 786}}