{"train/loss": 1.2241, "train/grad_norm": 1.3167790174484253, "train/learning_rate": 1.7555266579973988e-07, "train/epoch": 30.0, "train/global_step": 31260, "_timestamp": 1729159467.0045536, "_runtime": 7476.011456489563, "_step": 3158, "eval/loss": 3.435117721557617, "eval/batch_cer": 0.3563917707051169, "eval/runtime": 21.5364, "eval/samples_per_second": 201.055, "eval/steps_per_second": 25.167, "train_runtime": 7455.0269, "train_samples_per_second": 67.066, "train_steps_per_second": 4.193, "total_flos": 1.1590642097526737e+19, "train_loss": 4.3476175127621275, "_wandb": {"runtime": 7476}}