{"train/loss": 2.7364, "train/grad_norm": 2.299537420272827, "train/learning_rate": 0.00029836150845253574, "train/epoch": 0.6429942418426103, "train/global_step": 670, "_timestamp": 1728967227.7831368, "_runtime": 136.83405780792236, "_step": 66}